sheet,nrows_after_filter,mean_inv,max_inv,min_inv,std_inv,slope,auc,capacity,SOH
1,29,108.82813242923697,112.34652189771138,105.85812234529439,2.482591324875953,-0.21960406002645577,9325.700089383408,4.6076,100.0
2,26,109.05363930251755,112.22833689475867,105.97693056341481,2.340196266446328,-0.23647757627407373,8253.496963636795,4.5439,98.6175015192291
3,27,109.20642108707787,112.34652189771138,106.09573878153523,2.324055874335517,-0.2319278619155599,8265.681014200381,4.411,95.73313655699279
4,26,109.1949746881662,112.34652189771138,106.09573878153523,2.369304980867946,-0.2412049763921823,8048.097192515793,4.5168,98.02934282489801
5,27,109.2109010335521,112.34652189771138,106.19760821697062,2.254378982092342,-0.22735904380262895,8051.324939588528,4.4689,96.98975605521312
6,30,108.72000484434058,112.34652189771138,105.41634978164457,2.555069456199346,-0.21964108049298525,9743.602874046115,4.4071,95.64849379286396
7,25,109.23679762362,112.22833689475867,106.09573878153523,2.2621754905058014,-0.2413812556631516,7830.3735524111935,4.4493,96.56437190728363
8,26,109.19506455752914,112.34652189771138,106.19760821697062,2.2967570584338937,-0.2364534055547341,7833.385187898455,4.5099,97.87959024220854
9,27,109.21835713296763,112.34652189771138,106.09573878153523,2.309251330229513,-0.22735904380262895,8050.607005167177,4.4897,97.4411841305669
10,26,109.15798736954441,112.22833689475867,106.19760821697062,2.2571172546488474,-0.23172600543662555,7830.269811995977,4.4612,96.82264085424083
11,26,109.18926192140208,112.22833689475867,106.19760821697062,2.2548801085921273,-0.22765632607487646,7617.279572060257,4.4666,96.93983852764997
12,26,109.17621259384985,112.22833689475867,106.19760821697062,2.2705911073863176,-0.23172600543662555,7832.5230707900855,4.4637,96.8768990363747
13,25,108.98405272244764,112.22833689475867,105.85812234529439,2.4150132912732123,-0.251280361574502,8462.989229613002,4.4305,96.15635037763695
14,25,109.06420567623394,112.22833689475867,106.19760821697062,2.2651065313482497,-0.2413812556631516,7607.264752591364,4.4679,96.96805278235959
15,26,109.17621259384985,112.22833689475867,106.19760821697062,2.2705911073863176,-0.23172600543662555,7832.5230707900855,4.4785,97.19810747460718
16,27,109.24891431878478,112.34652189771138,106.19760821697062,2.2585536101496224,-0.2234458905701779,7837.574279331298,4.4562,96.7141244899731
17,26,109.19897771076158,112.34652189771138,106.19760821697062,2.2919484029975727,-0.2364534055547341,7833.588671866543,4.5308,98.33318864484765
18,26,109.51894614867933,113.63402520744138,106.31639748790683,2.3002219303188505,-0.2791330479359027,10806.08290649276,4.6139,100.13673061897734
19,26,108.99948974025908,112.22833689475867,105.85812234529439,2.38856151675938,-0.2412291471115219,8464.617618638798,4.4349,96.25184477819255
20,28,108.92579063902902,112.22833689475867,106.19760821697062,2.263141344457533,-0.21456111614502366,8253.898744565293,4.4924,97.49978296727147
21,29,108.89039303634613,112.22833689475867,106.31639748790683,2.2469069146263316,-0.20326457685256827,8255.08177993731,4.4408,96.37989408802848
22,27,109.21146811583812,112.22833689475867,106.31639748790683,2.18912630885494,-0.10688051569729577,34184.28315934167,4.509,97.86005729664035
23,29,108.86384054486142,112.22833689475867,106.19760821697062,2.2828330776089816,-0.20689821913984424,8252.455584705876,4.4781,97.18942616546576
24,25,109.20587457633368,112.34652189771138,106.09573878153523,2.269549687692376,-0.24630563078618137,7613.10944880361,4.4486,96.54917961628614
25,26,109.0177529895218,112.22833689475867,105.85812234529439,2.364411850302514,-0.2412291471115219,8680.929457404534,4.2695,92.662123448216
26,25,109.22938480842775,112.22833689475867,106.19760821697062,2.2170987707028247,-0.2413812556631516,7615.523709201054,4.4144,95.80692768469486
27,26,109.22116394358665,112.34652189771138,106.31639748790683,2.2645722671101605,-0.23238372619298503,7835.9472959697,4.389,95.25566455421479
28,26,109.12608322138651,112.22833689475867,106.19760821697062,2.2358981931109323,-0.23172600543662555,7828.610796291766,4.4193,95.91327372167723
29,25,109.26629438331885,112.22833689475867,106.31639748790683,2.170111044150441,-0.2371420063279963,7402.753702995178,4.4304,96.15418005035158
30,27,109.30256554903045,112.34652189771138,106.43518675884303,2.1688868107106085,-0.21887780341029112,7410.8500324818815,4.4465,96.5036027432937
31,27,109.32010536658942,112.34652189771138,106.43518675884303,2.1843764361141007,-0.21887780341029112,7411.7971826300645,4.424,96.01527910408892
32,27,109.46167795070596,113.51083074752809,106.53692874288676,2.2677851303520202,-0.26365891301862593,10817.599218036292,4.4795,97.21981074746073
33,27,109.43217790516304,113.51083074752809,106.53692874288676,2.2882844926010057,-0.26365891301862593,11031.216369059406,4.4215,95.96102092195503
34,27,109.4246124668306,113.51083074752809,106.43518675884303,2.3075329623159258,-0.26365891301862593,10804.136546871865,4.4316,96.18022397777587
35,24,109.10919468687159,112.22833689475867,105.85812234529439,2.30988403117141,-0.2570408437761671,7818.404558040153,4.3282,93.93610556471916
36,26,109.20370473077702,112.22833689475867,106.43518675884303,2.1405376609871625,-0.2229055154285942,7187.222323837595,4.5017,97.70162340480944
37,25,109.14704117454488,112.22833689475867,106.53692874288676,2.1151554691368135,-0.23219324523811893,6966.795672436785,4.438,96.31912492403855
38,25,109.37330459917595,112.34652189771138,106.43518675884303,2.18460412262658,-0.2371176203611487,7194.1841119353885,4.4816,97.26538762045318
39,27,109.25925907636612,112.22833689475867,106.53692874288676,2.120822380824201,-0.10746602990803812,33553.54529699461,4.4857,97.3543710391527
40,28,109.4929534031387,113.63402520744138,106.53692874288676,2.260273059444549,-0.2584565258665766,11039.291113453402,4.4529,96.64250368955638
41,27,109.41282260184218,113.51083074752809,106.53692874288676,2.211159868763586,-0.25974995656647776,10812.137633563414,4.4438,96.44500390658914
42,26,109.25520690393117,112.22833689475867,106.53692874288676,2.0945676968764735,-0.21884020071836005,6974.571783644538,4.4627,96.85519576352114
43,27,109.46580788998327,113.51083074752809,106.53692874288676,2.281751586870754,-0.26365891301862593,10808.124524416442,4.5123,97.93167809705704
44,25,109.2215348061409,112.22833689475867,106.53692874288676,2.1330881481004527,-0.2279585424149584,6971.368209970811,4.4004,95.50308186474523
45,25,109.22414836079018,112.34652189771138,106.19760821697062,2.278932931668365,-0.25125518374185657,8046.665762438663,4.3771,94.9973956072576
46,25,109.38683444764449,112.34652189771138,106.43518675884303,2.1896006137238895,-0.2371176203611487,7194.860604358815,4.4251,96.03915270422779
47,26,109.47964765162872,113.51083074752809,106.19760821697062,2.318988908209333,-0.27895608018565327,10812.224646124123,4.3824,95.11242295338137
48,27,109.4233998779526,113.51083074752809,106.53692874288676,2.283724422878747,-0.26365891301862593,11030.742355590044,4.3929,95.3403073183436
49,27,109.41016846956255,113.51083074752809,106.43518675884303,2.3508101633134224,-0.26822700017851275,11020.482730427902,4.421,95.95016928552828
50,27,109.43509297492656,113.51083074752809,106.53692874288676,2.2625026046600363,-0.26365891301862593,10815.332826624972,4.4663,96.93332754579393
51,20,110.82415882489133,115.11067935108707,106.75733187679967,1.9114867642686983,-0.43339980372973375,11057.190061203075,4.4843,97.32398645715776
52,27,109.42231608459026,113.7571982786143,106.53692874288676,2.2469480369206893,-0.2731345872911724,10816.447427465859,4.3783,95.02343953468184
53,27,109.55813321087446,113.63402520744138,106.53692874288676,2.2415327490081154,-0.1605508704592308,37404.09035103656,4.3178,93.71039152704228
54,27,109.46306083052896,113.63402520744138,106.53692874288676,2.3140913463319945,-0.2683971614768295,11035.681452749848,4.4686,96.98324507335707
55,25,109.24293528184663,112.22833689475867,106.19760821697062,2.218936095347629,-0.2413812556631516,7616.201232871998,4.3423,94.24212171195417
56,27,109.41900726726502,113.51083074752809,106.53692874288676,2.282492200888443,-0.26365891301862593,11030.505154612914,4.4335,96.22146019619761
57,27,109.41587446797381,113.51083074752809,106.55397602977925,2.286306694651496,-0.26365891301862593,11030.472361746328,4.3075,93.48684781665077
58,27,109.46117964300527,113.7571982786143,106.53692874288676,2.2594372997088574,-0.2692256308390242,10594.231666623431,4.3897,95.27085684521226
59,27,109.38717617770833,113.75079321061114,106.53692874288676,2.2552409568784975,-0.27288823852182004,11040.432926579555,4.367,94.77819255143676
60,28,109.51445857934323,113.88034992269613,106.53692874288676,2.270980349670228,-0.2675796634686041,10828.14931784801,4.3488,94.38319298550222
61,27,109.39164782228889,113.63402520744138,106.53692874288676,2.236170785222463,-0.2683971614768295,10812.943745233992,4.3588,94.60022571403768
62,27,109.4632365981368,113.7571982786143,106.53692874288676,2.319751567647001,-0.2731345872911724,11037.538540268264,4.413,95.77654310269989
63,26,109.16315458112915,112.34652189771138,106.19760821697062,2.278171324707018,-0.2364534055547341,8046.121957671182,4.3945,95.37503255490928
64,26,109.27331373331705,112.34652189771138,106.43518675884303,2.221676296094241,-0.23238372619298503,7407.8499663752345,4.3041,93.4130566889487
65,25,109.3205096396871,112.22833689475867,106.43518675884303,2.139443084028456,-0.23219324523811893,6974.655159821545,4.3864,95.19923604479557
66,27,109.43673177107705,113.63402520744138,106.53692874288676,2.2994118240311434,-0.2683971614768295,11033.310194717464,4.3865,95.20140637208091
67,26,109.22192587957603,112.22833689475867,106.43518675884303,2.1556474069531384,-0.2229055154285942,7188.169823575145,4.3244,93.8536331278757
68,25,109.17271816270605,112.22833689475867,106.55397602977925,2.169572782376892,-0.23219324523811893,6968.215900139982,4.4143,95.8047573574095
69,26,109.16053320909616,112.34652189771138,106.19760821697062,2.297551294490393,-0.2364534055547341,7614.582374973963,4.3428,94.25297334838095
70,27,109.39700923079572,113.51083074752809,106.43518675884303,2.341837240068887,-0.26822700017851275,10792.846603964523,4.3813,95.08854935324248
71,26,109.38854371304993,113.63402520744138,106.53692874288676,2.3276234665261017,-0.2791330479359027,10812.880440979881,4.4443,96.4558555430159
72,27,109.45006364248245,113.7571982786143,106.53692874288676,2.3149281663469203,-0.2731345872911724,11035.877711840947,4.4223,95.97838354023787
73,25,109.00726250712576,112.22833689475867,106.09573878153523,2.2989575663635113,-0.2463308086188268,8034.615352097735,4.3039,93.40871603437797
74,25,109.14287073163082,112.22833689475867,106.31639748790683,2.233400929471599,-0.2371420063279963,7397.769381438253,4.3446,94.29203923951732
75,22,110.07710935393995,114.86478705870212,106.75733187679967,2.121644588847582,-0.3804144751657138,11075.657159412433,4.4138,95.79390572098274
76,26,109.48597599803392,113.51083074752809,106.43518675884303,2.2568232236419683,-0.27420526953937097,10812.444618158772,4.3847,95.16234048094454
77,27,109.39911583978844,113.63402520744138,106.43518675884303,2.2957038415334345,-0.2683971614768295,11028.574038508283,4.3778,95.01258789825505
78,26,109.47255689366463,113.51083074752809,106.43518675884303,2.2479365135005724,-0.27420526953937097,10811.746824731568,4.4061,95.62679052001043
79,26,109.30769312057538,112.22833689475867,106.65569900904381,2.0749558576272,-0.11544745062585264,33327.44717270554,4.4524,96.63165205312961
80,27,109.4704212611875,113.51083074752809,106.53692874288676,2.2871688184583086,-0.26365891301862593,10808.373646461472,4.3711,94.8671759701363
81,27,109.40920929529608,113.63402520744138,106.53692874288676,2.2342372090762037,-0.2683971614768295,10813.89206477638,4.3323,94.0250889834187
82,26,109.47385792323824,113.51083074752809,106.43518675884303,2.261532708852455,-0.27420526953937097,10811.814478269396,4.3296,93.96649014671414
83,25,109.00724217662182,112.22833689475867,106.09573878153523,2.3161758344003753,-0.2463308086188268,8034.614335572539,4.3458,94.31808316694156
84,26,109.20231065166612,112.34652189771138,106.31639748790683,2.2225491069537773,-0.23238372619298503,7402.020527766233,4.3459,94.32025349422695
85,26,109.25245392669503,112.34652189771138,106.43518675884303,2.240688257454312,-0.23238372619298503,7405.6970815061595,4.3453,94.3072315305148
86,27,109.4120196670166,113.63402520744138,106.43518675884303,2.3091159855535164,-0.2683971614768295,10805.181258120696,4.3496,94.40055560378505
87,27,109.35630156454279,113.51083074752809,106.43518675884303,2.2846304752201454,-0.26822700017851275,11024.532921012476,4.3409,94.21173712995922
88,28,109.38445275612075,113.51083074752809,106.43518675884303,2.2483000570633798,-0.15413842734502559,37138.47931496531,4.3834,95.13412622623491
89,25,109.16051818802522,112.22833689475867,106.43518675884303,2.19650159854517,-0.2371420063279963,7183.781746646963,4.3442,94.2833579303759
90,27,109.44532268757378,113.51083074752809,106.53692874288676,2.301476972841724,-0.26365891301862593,10806.068834664346,4.3737,94.92360447955554
91,23,109.00528933643615,112.22833689475867,105.85812234529439,2.420439617867773,-0.27412403080854764,8243.510738873505,4.2605,92.4667939925341
92,25,109.12386965910301,112.22833689475867,106.31639748790683,2.2385012699923754,-0.2371420063279963,7395.632466784385,4.3316,94.00989669242122
93,25,109.12388530107226,112.22833689475867,106.31639748790683,2.2338057744979722,-0.2371420063279963,7395.6332488828475,4.2995,93.31322163382238
94,25,109.12863611171855,112.22833689475867,106.31639748790683,2.2281938949096647,-0.2371420063279963,7395.870789415162,4.2964,93.24594148797641
95,25,109.18352923205416,112.22833689475867,106.43518675884303,2.2088080386140647,-0.2371420063279963,7183.86412392368,4.3354,94.0923691292647
96,25,109.16180590685327,112.22833689475867,106.31639748790683,2.2534199859864725,-0.2371420063279963,7398.716140199376,4.2325,91.85910235263478
97,25,109.157069375839,112.22833689475867,106.43518675884303,2.2379237559402583,-0.2371420063279963,7182.541131112922,4.308,93.49769945307753
98,24,109.06771591998454,112.22833689475867,106.19760821697062,2.352711272802587,-0.25187609286589735,7390.610380069149,4.2781,92.8487715947565
99,25,109.15577074391531,112.22833689475867,106.43518675884303,2.1955890737457695,-0.2371420063279963,7182.476199516737,4.3266,93.9013803281535
100,26,109.1592414278967,112.34652189771138,106.19760821697062,2.2829451396994718,-0.2364534055547341,7614.515202351591,4.3551,94.51992360447956
101,24,109.06560641161211,112.22833689475867,105.85812234529439,2.3678945276177825,-0.26220559468643684,8247.155409706782,4.2542,92.33006337355674
102,25,109.15740096785092,112.34652189771138,106.31639748790683,2.2959532704311654,-0.24630563078618137,7397.292589202872,4.2759,92.80102439447869
103,25,109.13809231764473,112.22833689475867,106.31639748790683,2.252849177580218,-0.2371420063279963,7396.34359971147,4.2723,92.72289261220592
104,26,109.19774256450624,112.34652189771138,106.31639748790683,2.2281077229694874,-0.23238372619298503,7401.782987233918,4.2796,92.88132650403682
105,25,109.09059643260863,112.22833689475867,106.19760821697062,2.3164453629615678,-0.2463308086188268,7610.008626811261,4.2731,92.74025523048877
106,26,109.24787071468518,112.34652189771138,106.43518675884303,2.250784230861331,-0.23238372619298503,7405.4587544816495,4.3272,93.91440229186563
107,25,109.18760664466444,112.22833689475867,106.43518675884303,2.2003351846359256,-0.2371420063279963,7185.136169478924,4.3102,93.54544665335534
108,24,109.23141218724088,112.22833689475867,106.31639748790683,2.2144066453262314,-0.24745252834225703,7182.483655915408,4.3003,93.33058425210523
109,26,109.18862111783197,112.34652189771138,106.31639748790683,2.224003651276988,-0.23238372619298503,7401.308672006857,4.3228,93.81890789131
110,26,109.22029024927093,112.34652189771138,106.43518675884303,2.2275077043763285,-0.23238372619298503,7404.024570280108,4.2058,91.27962496744509
111,25,109.09803929628113,112.34652189771138,106.19760821697062,2.300785424383522,-0.24630563078618137,8040.241519942274,4.2958,93.23291952426426
112,25,109.10415302901772,112.22833689475867,106.19760821697062,2.3103693374633703,-0.2413812556631516,7610.5676673607795,4.2634,92.52973348380937
113,26,109.22509223453002,112.34652189771138,106.43518675884303,2.233568058817884,-0.23238372619298503,7404.27427351358,4.3155,93.66047399947914
114,25,109.17125405354774,112.34652189771138,106.31639748790683,2.2745289121370083,-0.24206638145102607,7399.070362531145,4.201,91.17544925774807
115,26,109.19317935779152,112.34652189771138,106.31639748790683,2.2268182271861523,-0.23238372619298503,7401.545700484752,4.3166,93.68434759961804
116,26,109.24204632175409,112.34652189771138,106.43518675884303,2.2130559849867066,-0.23238372619298503,7189.2166718316075,4.2638,92.53841479295077
117,25,109.12866868690675,112.22833689475867,106.43518675884303,2.2068197350942116,-0.2371420063279963,7181.121096666309,4.2573,92.39734351940272
118,25,109.11031400041794,112.22833689475867,106.31639748790683,2.24990990701022,-0.2413812556631516,7395.056425834176,4.3303,93.98168243771163
119,25,109.11506481106422,112.22833689475867,106.31639748790683,2.2443682200218817,-0.2413812556631516,7395.29396636649,4.2859,93.01805712301416
120,25,109.12863611171855,112.22833689475867,106.31639748790683,2.2281938949096647,-0.2371420063279963,7180.050364468474,4.2361,91.93723413490757
121,25,109.01658028949065,112.34652189771138,105.97693056341481,2.408456135957678,-0.25620473669753174,8464.49925469279,4.1315,89.6670717944266
122,25,109.07371260423038,112.22833689475867,106.31639748790683,2.2577200425728488,-0.2413812556631516,7609.046780971485,4.2777,92.84009028561509
123,25,109.12863611171855,112.22833689475867,106.31639748790683,2.2281938949096647,-0.2371420063279963,7395.870789415162,4.2571,92.39300286483203
124,25,109.0818662450352,112.34652189771138,106.31639748790683,2.2324913367177657,-0.24630563078618137,7393.515853062086,4.2853,93.00503515930204
125,25,109.03091917095183,112.22833689475867,106.09573878153523,2.3450183432684506,-0.2463308086188268,7820.198419048723,4.2444,92.11737129959198
126,24,109.2527440651288,112.34652189771138,106.31639748790683,2.289901433238618,-0.25701457125514576,7400.680228013419,4.3055,93.44344127094367
127,25,109.08659542263143,112.34652189771138,106.31639748790683,2.2390282870872986,-0.24630563078618137,7393.752311941897,4.3235,93.8341001823075
128,25,109.19021402835519,112.34652189771138,106.31639748790683,2.2757154944885305,-0.24206638145102607,7400.018361271518,4.2876,93.05495268686519
129,25,109.1008441941224,112.22833689475867,106.31639748790683,2.2403480586670375,-0.2413812556631516,7394.582935519399,4.306,93.45429290737044
130,25,109.157055096207,112.22833689475867,106.31639748790683,2.2590418625811477,-0.2371420063279963,7398.478599667062,4.1738,90.58512023613162
131,25,109.09729420677712,112.34652189771138,106.09573878153523,2.3631532871475103,-0.25125518374185657,8040.54167141307,4.2565,92.3799809011199
132,25,109.09674269976364,112.22833689475867,106.31639748790683,2.265814915740465,-0.2413812556631516,7394.37786080146,4.3108,93.55846861706748
133,26,109.18137543376042,112.34652189771138,106.31639748790683,2.287064463934622,-0.2364534055547341,7616.854063365867,4.2822,92.93775501345603
134,25,109.15268751162512,112.34652189771138,106.31639748790683,2.2854058843907463,-0.24630563078618137,7398.2437774190585,4.2989,93.30019967011025
135,24,109.21750612586074,112.22833689475867,106.31639748790683,2.2533696808464048,-0.25187609286589735,7181.981019854591,4.2293,91.78965187950344
136,23,108.99054551747031,112.22833689475867,105.85812234529439,2.42783833421689,-0.27875445969197443,8242.934392636513,4.1354,89.75171455855543
137,25,109.10543866355627,112.34652189771138,106.19760821697062,2.3531334058190523,-0.25125518374185657,7826.4528751341895,4.2513,92.26712388228144
138,25,109.08451303920506,112.22833689475867,106.19760821697062,2.2923924417537633,-0.2413812556631516,7608.280120739921,4.2347,91.90684955291259
139,28,109.36279758752146,112.34652189771138,106.19760821697062,2.3946000650122783,-0.21809588782513942,10074.925340242557,4.281,92.91171108603177
140,25,109.13122052267816,112.34652189771138,106.19760821697062,2.322427315238561,-0.24630563078618137,7611.80285704085,4.2104,91.37946002257141
141,25,108.9392401642831,112.34652189771138,105.85812234529439,2.457509277056624,-0.26044929650733967,8674.314144400116,4.1455,89.97091761437626
142,25,109.07765353396982,112.34652189771138,106.19760821697062,2.352121931615375,-0.25125518374185657,7823.639385421893,4.1786,90.68929594582865
143,24,109.13746207682136,112.22833689475867,106.19760821697062,2.275856022060475,-0.2570408437761671,7392.771437738029,4.2304,91.81352547964235
144,24,109.19982786088288,112.22833689475867,106.19760821697062,2.2792533135509503,-0.25187609286589735,7395.646206102044,4.1967,91.08212518447783
145,25,109.18047679600222,112.34652189771138,106.31639748790683,2.27415607167406,-0.24206638145102607,7399.531499653871,4.1963,91.07344387533641
146,25,109.1549107789726,112.34652189771138,106.31639748790683,2.3346592601110387,-0.24630563078618137,7614.294051835868,4.2047,91.25575136730619
147,24,108.85934540087419,112.22833689475867,105.85812234529439,2.4352773586990177,-0.26663470057493205,8452.718900430877,4.1414,89.88193419567672
148,25,109.03092555728445,112.22833689475867,106.09573878153523,2.3320147900537433,-0.2463308086188268,7820.198738365352,4.2372,91.96110773504644
149,25,109.10751434554328,112.34652189771138,106.19760821697062,2.308596106358659,-0.24630563078618137,7609.312001053878,4.1712,90.52869172671238
150,25,109.05739440593769,112.22833689475867,106.19760821697062,2.3002336339692273,-0.2463308086188268,7607.042978347488,4.1023,89.03333622710305
151,24,109.17857186296983,112.34652189771138,106.09573878153523,2.3393200871545474,-0.2621793221654155,7609.10572492073,4.1722,90.55039499956594
152,24,109.09951695738255,112.22833689475867,106.09573878153523,2.345467448062284,-0.26220559468643684,7605.548063726427,4.2227,91.64641027867002
153,24,109.00230241230274,112.22833689475867,106.19760821697062,2.2978548159794214,-0.25187609286589735,7386.164984570197,4.1737,90.58294990884626
154,25,109.04924057020719,112.22833689475867,106.19760821697062,2.319523010145476,-0.2463308086188268,7606.635286560962,4.2136,91.44891049570275
155,25,109.03503109355798,112.22833689475867,106.19760821697062,2.306583487518189,-0.2463308086188268,7605.924812728502,4.1791,90.70014758225541
156,25,109.07635128724034,112.22833689475867,106.19760821697062,2.3141082414851164,-0.2463308086188268,7607.99082241262,4.211,91.39248198628354
157,25,108.93516107324852,112.34652189771138,105.87495328754999,2.46247143346552,-0.26044929650733967,8459.000504178146,4.1529,90.13152183349249
158,25,109.02617398644699,112.22833689475867,106.09573878153523,2.3376383188913032,-0.2463308086188268,7819.96115982348,4.1346,89.73435194027259
159,25,109.11530215972553,112.34652189771138,106.19760821697062,2.3753327592328595,-0.25125518374185657,7611.125728164153,4.2058,91.27962496744509
160,24,108.94664004352155,112.34652189771138,105.97693056341481,2.4124036350202496,-0.2673440730756853,8029.289609723562,4.1869,90.86943311051307
161,24,109.15815947901403,112.22833689475867,106.19760821697062,2.3031782450312503,-0.2570408437761671,7393.7649130432765,4.1038,89.06589113638337
162,25,109.0397826643954,112.22833689475867,106.19760821697062,2.3008650065857097,-0.2463308086188268,7606.162391270374,4.1635,90.36157652574008
163,25,109.163708748033,112.34652189771138,106.31639748790683,2.336154588285465,-0.24630563078618137,7614.733950288889,4.1883,90.89981769250804
164,25,109.06409062635876,112.34652189771138,106.21454699965567,2.3531194938093316,-0.25125518374185657,7607.445930975125,4.207,91.30566889486936
165,25,109.02554681025542,112.22833689475867,106.19760821697062,2.306834487002293,-0.2463308086188268,7605.450598563374,4.2151,91.48146540498307
166,25,109.06423233484311,112.22833689475867,106.31639748790683,2.2511390218168557,-0.2413812556631516,7392.752342555434,4.1964,91.07561420262175
167,24,108.84442418978767,112.22833689475867,105.75612617948316,2.4973019678997668,-0.2718002752758199,8667.767369248839,4.0579,88.0697109124056
168,25,109.06881847999624,112.34652189771138,106.09573878153523,2.3655196102777922,-0.25125518374185657,7821.975199497989,4.1822,90.7674277281014
169,24,108.99571394027548,112.34652189771138,106.19760821697062,2.3533122277886536,-0.2621793221654155,7602.975211089599,4.1821,90.76525740081605
170,25,109.0260307058383,112.34652189771138,105.97693056341481,2.4343249648938468,-0.25620473669753174,8034.009859465779,4.121,89.43918742946438
171,24,109.18320294618862,112.34652189771138,106.09573878153523,2.364330569445671,-0.2621793221654155,7609.32801691523,4.1378,89.80380241340396
172,25,108.98344060776608,112.22833689475867,106.09573878153523,2.3682996274782555,-0.251280361574502,7817.94328016037,4.2015,91.18630089417485
173,24,108.99078956515245,112.22833689475867,106.19760821697062,2.3461083351363894,-0.2570408437761671,7387.036704308146,4.1618,90.32468096188907
174,25,109.08303057418287,112.34652189771138,106.09573878153523,2.377193076218324,-0.25125518374185657,7822.685804207321,4.1289,89.61064328500738
175,25,109.03027952272052,112.22833689475867,106.19760821697062,2.31227765524591,-0.2463308086188268,7605.687234186629,4.175,90.61116416355587
176,25,109.09935700801125,112.34652189771138,106.19760821697062,2.328998855436049,-0.25125518374185657,7609.022923448212,4.166,90.41583470787397
177,24,108.90719557520333,112.34652189771138,105.87495328754999,2.5222084761608294,-0.2717731789641805,8672.563463364855,4.0606,88.12830974911017
178,24,108.9815477007965,112.22833689475867,106.09573878153523,2.3938926775410456,-0.26220559468643684,7817.028224986334,4.1375,89.79729143154789
179,24,108.97172952539954,112.22833689475867,106.21454699965567,2.3356663175409267,-0.2570408437761671,7600.7211763377545,4.147,90.00347252365658
180,24,108.99138248112479,112.34652189771138,106.09573878153523,2.400407045208636,-0.2621793221654155,7600.120634592168,4.1588,90.25957114332842
181,25,109.00297252380464,112.34652189771138,105.97693056341481,2.4442035058903016,-0.26044929650733967,8032.958819799533,4.1739,90.58729056341697
182,25,109.09055373662059,112.34652189771138,106.19760821697062,2.3287412888653916,-0.25125518374185657,7608.582759878678,4.0863,88.6860838614463
183,24,108.99078956515245,112.22833689475867,106.19760821697062,2.3461083351363894,-0.2570408437761671,7602.857026086645,4.1749,90.60899383627051
184,24,109.02685228412793,112.22833689475867,106.31639748790683,2.293164560658694,-0.25187609286589735,7389.95560752833,4.1692,90.48528518100531
185,24,108.97666371286397,112.22833689475867,106.09573878153523,2.3520267641974018,-0.2570408437761671,7600.956551951574,4.1288,89.60847295772203
186,24,108.9865362434723,112.22833689475867,106.09573878153523,2.359752335563377,-0.2570408437761671,7601.430433420774,4.1939,91.0213560204879
187,25,108.88559415130943,112.34652189771138,105.63729907141632,2.522603991666539,-0.26539963892902385,8668.217479587503,4.0636,88.19341956767082
188,24,109.12414354129271,112.34652189771138,105.97693056341481,2.391009107808426,-0.2673440730756853,7820.667214155913,4.0899,88.76421564371908
189,25,109.01639162871851,112.34652189771138,106.09573878153523,2.353197249599873,-0.25620473669753174,7819.4726462050385,4.1552,90.18143936105565
190,23,109.05100863070236,112.22833689475867,105.97693056341481,2.384734018850549,-0.27412403080854764,7385.1161813999015,4.1178,89.36973695633303
191,24,108.9617555679885,112.22833689475867,106.09573878153523,2.4091155749303104,-0.26220559468643684,7816.07820261155,4.1639,90.3702578348815
192,24,108.93717649513862,112.1101296522922,106.09573878153523,2.3196585669147725,-0.25190139845153803,7597.75513951025,4.1329,89.69745637642158
193,25,109.08303057418287,112.34652189771138,106.09573878153523,2.377193076218324,-0.25125518374185657,7822.685804207321,4.1146,89.30028648320167
194,24,109.08307939282976,112.34652189771138,105.75612617948316,2.471539272517119,-0.2717731789641805,8246.447854750546,4.1456,89.97308794166162
195,24,109.1390177562116,112.34652189771138,106.09573878153523,2.353243240812156,-0.2673440730756853,7607.32591706727,4.1233,89.48910495702754
196,24,108.95688195938953,112.22833689475867,106.09573878153523,2.3527494459054736,-0.2570408437761671,7598.582794551827,4.1263,89.55421477558816
197,24,108.84017962997787,112.22833689475867,105.75612617948316,2.5020782494177674,-0.2718002752758199,8667.563630377968,4.0857,88.67306189773419
198,24,109.0944966290922,112.34652189771138,105.97693056341481,2.3899689108852273,-0.2673440730756853,7819.244162370292,4.1051,89.09410539109298
199,24,108.99637118183087,112.34652189771138,106.09573878153523,2.389436736475794,-0.2621793221654155,7817.502777802095,4.1085,89.16789651879505
200,23,109.07669728416461,112.34652189771138,105.97693056341481,2.4342086586347285,-0.27949607639730734,7817.3789627061005,4.0738,88.41479295077698
201,25,108.99760276256735,112.34652189771138,105.97693056341481,2.4060678143520002,-0.25620473669753174,8032.588462302233,4.1354,89.75171455855543
202,24,108.94658384331024,112.34652189771138,105.97693056341481,2.4509900127954145,-0.2673440730756853,8029.286912113421,4.1176,89.36539630176232
203,25,109.03078541581714,112.34652189771138,105.97693056341481,2.422167830862543,-0.25620473669753174,8034.247594964721,4.1302,89.638857539717
204,24,108.93706728921858,112.22833689475867,106.09573878153523,2.397707367194857,-0.26220559468643684,7814.893165230593,4.1784,90.68495529125794
205,25,109.02109334195806,112.34652189771138,106.09573878153523,2.3849873736569025,-0.25620473669753174,7819.707731867017,4.0422,87.72896952860492
206,24,108.94165823221415,112.22169242893615,105.97693056341481,2.4439411929539285,-0.2619167048680665,8029.175312249584,4.1046,89.0832537546662
207,25,109.00233810877722,112.34652189771138,105.97693056341481,2.410620643781692,-0.25620473669753174,8032.825229612726,4.0845,88.64701797030993
208,25,108.86239962341634,112.34652189771138,105.51847196334948,2.612175522109394,-0.27034998135070804,9310.342825948293,3.9981,86.77185519576352
209,25,108.95686824740305,112.34652189771138,105.85812234529439,2.454828270228055,-0.26044929650733967,8244.47124894796,4.1857,90.8433891830888
210,24,108.90740790159107,112.22833689475867,105.97693056341481,2.398038830054089,-0.26220559468643684,7810.38208845319,4.0278,87.41644239951385
211,24,108.93207948922634,112.22833689475867,105.97693056341481,2.426154361788095,-0.26220559468643684,8028.708888120346,4.0883,88.7294904071534
212,24,108.89755017799514,112.22833689475867,105.97693056341481,2.373961828987703,-0.26220559468643684,7809.908917720582,4.0841,88.63833666116851
213,23,108.99125417453979,112.22833689475867,105.85812234529439,2.4408034938720027,-0.27875445969197443,8025.705863413669,4.0659,88.24333709523397
214,23,109.04580479363156,112.22833689475867,105.97693056341481,2.4143878684243605,-0.27412403080854764,7816.076093144533,4.0445,87.77888705616807
215,25,108.97862109260736,112.34652189771138,105.97693056341481,2.4103178045846394,-0.25620473669753174,8031.639378804232,4.0406,87.69424429203926
216,24,108.95187849051506,112.22833689475867,106.09573878153523,2.402707419552542,-0.26220559468643684,7815.604102892824,4.0179,87.20157999826374
217,24,108.9419785951377,112.22833689475867,105.97693056341481,2.414717026156751,-0.26220559468643684,7813.584401079147,4.1123,89.25036895563852
218,24,108.88405413352125,112.22833689475867,105.97693056341481,2.4353772172976194,-0.26663470057493205,8024.843935043469,3.9867,86.5244378852331
219,23,108.70872764467282,112.22833689475867,105.51847196334948,2.641850584452452,-0.2895552067938309,8870.197537387587,3.9345,85.39152704227799
220,23,109.00737923216315,112.34652189771138,105.85812234529439,2.4749446347465742,-0.2841265052807342,8026.32943106139,4.025,87.35567323552394
221,24,108.85015647613376,112.22833689475867,105.85812234529439,2.438447856588357,-0.26663470057493205,8021.553532435185,4.0716,88.36704575049919
222,24,108.87910458056554,112.22833689475867,105.97693056341481,2.440936860780048,-0.26663470057493205,8024.6063565015975,4.0993,88.96822640854242
223,23,109.06335923403007,112.34652189771138,105.97693056341481,2.4887835148646045,-0.2841265052807342,8032.466925960292,4.0106,87.04314610643286
224,24,108.88403632008855,112.22833689475867,105.97693056341481,2.446117022070847,-0.26663470057493205,8024.843079998702,3.9972,86.75232225019533
225,24,108.94822496084821,112.34652189771138,105.97693056341481,2.4795596059617355,-0.2717731789641805,8029.467555190679,4.1105,89.21130306450213
226,25,108.95686824740305,112.34652189771138,105.85812234529439,2.454828270228055,-0.26044929650733967,8029.109099143887,4.0708,88.34968313221636
227,24,108.96661926539389,112.34652189771138,105.97693056341481,2.45072183802705,-0.2673440730756853,7814.648968248492,4.0898,88.76204531643374
228,24,108.85509185654388,112.22833689475867,105.85812234529439,2.442699785138203,-0.26663470057493205,8021.79043069487,4.044,87.7680354197413
229,23,108.74930083405312,112.22833689475867,105.63729907141632,2.619525329142921,-0.2895552067938309,8659.061606519403,3.9917,86.63295424950083
230,25,108.98122455239795,112.34652189771138,105.85812234529439,2.481500324596738,-0.26044929650733967,8245.689064197706,4.0892,88.7490233527216
231,24,108.90740790159107,112.22833689475867,105.97693056341481,2.398038830054089,-0.26220559468643684,7810.38208845319,4.0506,87.9112770205747
232,25,108.99757898664492,112.34652189771138,105.97693056341481,2.423975310001309,-0.25620473669753174,8032.587273506111,4.0359,87.59223890962757
233,23,109.02520859440082,112.22833689475867,105.97693056341481,2.3908096633510345,-0.27412403080854764,7597.986104519254,4.0244,87.3426512718118
234,24,108.89954442420817,112.22833689475867,105.85812234529439,2.4708171309135976,-0.26663470057493205,8025.585759381225,4.102,89.026825245247
235,24,108.91728404627055,112.22833689475867,105.97693056341481,2.404900763766444,-0.26220559468643684,7595.3751853756075,4.0904,88.77506728014585
236,24,108.9271673938412,112.22833689475867,105.97693056341481,2.40967839805954,-0.26220559468643684,7812.873463416916,4.0654,88.23248545880719
237,25,109.00710666212962,112.34652189771138,106.09573878153523,2.39428907377149,-0.25620473669753174,7819.008397875595,4.1016,89.01814393610557
238,24,109.1587549232216,112.34652189771138,106.09573878153523,2.3751768258765718,-0.2673440730756853,7608.273301083749,4.0829,88.61229273374427
239,24,109.10441860018146,112.22833689475867,105.97693056341481,2.3712634009231546,-0.26220559468643684,7604.357643963331,4.0956,88.8879242989843
240,24,109.03634187891502,112.34652189771138,105.63729907141632,2.557104656869266,-0.27693875366506837,8672.82350874015,4.0132,87.09957461585208
241,24,108.88806208517258,112.22833689475867,105.97693056341481,2.407612933934817,-0.26220559468643684,7809.453489265102,4.0794,88.53633127875683
242,25,109.02607232126773,112.34652189771138,106.09573878153523,2.405618182390013,-0.25620473669753174,7819.956680832501,4.0237,87.32745898081431
243,24,109.12412599099139,112.34652189771138,105.97693056341481,2.407786640947918,-0.2673440730756853,7605.185413719257,4.0795,88.5385016060422
244,25,109.0023543334048,112.34652189771138,105.97693056341481,2.400418571903269,-0.25620473669753174,7817.345082821909,4.1435,89.92751106866918
245,25,109.03555748413412,112.34652189771138,106.09573878153523,2.404889254044389,-0.25620473669753174,7820.430938975818,4.0899,88.76421564371908
246,25,109.00709835294741,112.34652189771138,105.97693056341481,2.402544691743811,-0.25620473669753174,7817.58228379904,4.0118,87.06919003385711
247,25,108.899714178512,112.34652189771138,105.63729907141632,2.586713203898489,-0.27034998135070804,8884.18361569595,3.9469,85.66064762566195
248,24,108.93704132191992,112.34652189771138,105.97693056341481,2.4110993439925235,-0.2673440730756853,7813.229226961741,4.0437,87.76152443788524
249,24,108.95184959359642,112.22833689475867,105.97693056341481,2.42868094855079,-0.26220559468643684,7814.058209005167,4.1136,89.27858321034813
250,24,108.84996412298908,112.22833689475867,105.75612617948316,2.5569329718781915,-0.2718002752758199,8450.755468657528,4.0122,87.07787134299852
251,24,108.98155377981122,112.22833689475867,106.09573878153523,2.3864942806584164,-0.26220559468643684,7385.591612092913,4.0578,88.06754058512026
252,25,109.00209033255157,112.34652189771138,105.97693056341481,2.4000899661865924,-0.25620473669753174,7817.331882779248,4.0659,88.24333709523397
253,25,109.02605358457184,112.34652189771138,105.97693056341481,2.416732877878674,-0.25620473669753174,7818.530045380261,4.0744,88.4278149144891
254,25,109.04026567875847,112.34652189771138,105.97693056341481,2.428420866262969,-0.25620473669753174,7819.240650089592,4.0751,88.4430072054866
255,25,109.03539805901612,112.22833689475867,106.09573878153523,2.335794696392088,-0.2463308086188268,7604.82259721162,4.1487,90.04036808750759
256,25,109.00233810877722,112.34652189771138,105.97693056341481,2.410620643781692,-0.25620473669753174,7601.863313568334,4.0886,88.73600138900946
257,24,108.81532945818559,112.22833689475867,105.63729907141632,2.5865284102607156,-0.2769658499767078,8664.469569512923,3.8697,83.98515496136818
258,24,108.89459725555254,112.22833689475867,105.85812234529439,2.4699094655820937,-0.26663470057493205,8025.348295285755,4.0073,86.97152530601615
259,24,108.91726828792986,112.22833689475867,105.97693056341481,2.421076344980755,-0.26220559468643684,7812.398306333172,4.0802,88.55369389703968
260,24,108.94690611965547,112.22833689475867,105.97693056341481,2.4268721055232736,-0.26220559468643684,7813.820922256001,4.0522,87.94600225714039
261,24,108.94698215347061,112.22833689475867,106.09573878153523,2.3702153934925887,-0.26220559468643684,7598.226393138655,4.0555,88.01762305755709
262,23,109.02073718233281,112.22833689475867,105.97693056341481,2.4328118393459395,-0.27412403080854764,7599.323338899849,4.0395,87.67037069190035
263,25,108.96981891507183,112.22833689475867,105.97693056341481,2.408527418940166,-0.251280361574502,7815.836496908212,4.0561,88.03064502126921
264,24,108.91302372812004,112.22833689475867,105.97693056341481,2.4261356895291017,-0.26663470057493205,7812.2964368977355,4.0586,88.08490320340309
265,23,108.99054331285497,112.22833689475867,105.97693056341481,2.4218224843187004,-0.27875445969197443,7596.493371003582,4.067,88.26721069537287
266,25,109.05449964213696,112.34652189771138,106.09573878153523,2.422442510387171,-0.25620473669753174,7821.378046875961,4.0267,87.39256879937494
267,22,108.98702199803661,111.99190021238685,105.63729907141632,2.6029224792248447,-0.30260005433193,9531.513082673086,3.8845,84.30636339960067
268,24,108.84504785731117,112.34652189771138,105.75612617948316,2.5241299371236834,-0.27693875366506837,8235.141149263773,3.9751,86.27267992013195
269,24,108.82529775068194,112.22833689475867,105.75612617948316,2.5395273596087273,-0.2718002752758199,8236.091620689738,4.0199,87.24498654397084
270,24,108.88457859602096,112.34652189771138,105.75612617948316,2.5439446569415534,-0.27693875366506837,8238.818916263059,3.9883,86.55916312179878
271,24,108.84001226482745,112.22833689475867,105.85812234529439,2.4320159823701277,-0.26663470057493205,8021.0666102924815,4.0338,87.54666203663514
272,23,109.01614709073256,112.34652189771138,105.75612617948316,2.527064802383859,-0.2841265052807342,8026.983101609631,3.9781,86.3377897386926
273,25,108.94462693263584,112.34652189771138,105.85812234529439,2.479690311425793,-0.26044929650733967,8243.859183209603,3.9854,86.49622363052349
274,25,108.96160359361292,112.34652189771138,105.85812234529439,2.459372532919058,-0.26044929650733967,8029.3458664543805,4.014,87.11693723413492
275,24,108.8649761149616,112.22833689475867,105.85812234529439,2.4474175642965457,-0.26663470057493205,7806.902725294846,4.0154,87.14732181612987
276,23,108.95662021215578,112.22833689475867,105.85812234529439,2.444191517340885,-0.27875445969197443,7808.750551339929,4.038,87.63781578262004
277,24,108.85014521821036,112.22833689475867,105.75612617948316,2.446778145376977,-0.26663470057493205,7804.864892095241,3.9875,86.54180050351593
278,24,108.89035269574272,112.22833689475867,105.85812234529439,2.4748284100412903,-0.26663470057493205,8025.1445564148835,4.0566,88.041496657696
279,24,108.81655797950746,112.34652189771138,105.51847196334948,2.688298755242466,-0.2865389442707923,9092.774659911855,3.857,83.70952339612815
280,24,108.85466060447145,112.34652189771138,105.75612617948316,2.533184980051558,-0.27693875366506837,8235.602561127465,3.9577,85.89504297248025
281,23,108.73419474283389,111.99190021238685,105.85812234529439,2.4066923532995017,-0.26800733776598273,7798.755416433493,3.9972,86.75232225019533
282,24,108.80064656274419,112.22833689475867,105.75612617948316,2.487791779006993,-0.2718002752758199,8233.128072127509,3.9493,85.71273548051047
283,24,108.91430562066732,112.34652189771138,105.97693056341481,2.4889149348764046,-0.2717731789641805,7810.696863401333,3.9448,85.61507075266951
284,25,108.989115844771,112.34652189771138,105.97693056341481,2.463899620884742,-0.26044929650733967,8032.265985847851,4.0084,86.99539890615505
285,25,108.96160359361292,112.34652189771138,105.85812234529439,2.459372532919058,-0.26044929650733967,8029.3458664543805,3.9434,85.58468617067454
286,22,109.09252352072237,112.22833689475867,105.85812234529439,2.421666517736852,-0.29202848158206846,7596.817056492547,4.0419,87.72245854674885
287,24,108.82497506214149,112.22833689475867,105.75612617948316,2.5719729173867365,-0.2769658499767078,8236.194939857918,3.8808,84.22606129004254
288,24,108.91076388640477,112.34652189771138,105.85812234529439,2.5056595510124966,-0.2717731789641805,8026.006108563707,3.9424,85.562982897821
289,22,108.73580109896865,111.99190021238685,105.63729907141632,2.6745364526470112,-0.30260005433193,9517.726339628556,3.7791,82.01883844083689
290,23,108.76485705712803,112.22833689475867,105.75612617948316,2.574433863583137,-0.28415483324290264,8231.039593025907,3.8311,83.1474086292213
291,24,108.79074587790082,112.22833689475867,105.75612617948316,2.4992244173950118,-0.2718002752758199,8232.652839255028,3.9103,84.86630783922216
292,23,108.90785998473515,112.22833689475867,105.63729907141632,2.5348755264199636,-0.28415483324290264,8233.817516322802,3.8906,84.4387533640073
293,24,108.82037250664764,112.22833689475867,105.75612617948316,2.520720853135864,-0.2718002752758199,8234.074917434877,3.9779,86.3334490841219
294,23,108.7803967553594,112.22833689475867,105.87495328754999,2.5269370375146356,-0.28415483324290264,8018.157986024541,3.9664,86.08386144630612
295,24,108.87961925239836,112.34652189771138,105.75612617948316,2.5521058007645108,-0.27693875366506837,8238.580867769175,3.8998,84.63842347425992
296,22,108.97661004602752,112.1101296522922,106.09573878153523,2.3599325827208406,-0.275892007827875,7380.8841953448455,4.024,87.33396996267038
297,24,108.83385263106919,112.22833689475867,105.85812234529439,2.4834823700901496,-0.2718002752758199,8020.889756090203,3.8881,84.38449518187343
298,24,108.86566511852425,112.22833689475867,105.85812234529439,2.4570286320318337,-0.26663470057493205,7806.935797465852,3.9514,85.75831235350292
299,23,109.02872717638013,112.34652189771138,105.85812234529439,2.4929019108148833,-0.2841265052807342,7813.6108921297655,3.9483,85.69103220765693
300,24,108.83247245428267,112.22833689475867,105.85812234529439,2.4589867253863327,-0.26663470057493205,7805.342549582254,3.9774,86.32259744769512
301,24,108.73309198096608,112.34652189771138,105.29750384051532,2.7567501777536676,-0.2917053402736983,9514.529159560172,3.7562,81.52183349249069
302,22,108.92945940232211,112.22833689475867,105.85812234529439,2.4741186014213983,-0.29202848158206846,7806.784676628228,3.9564,85.86682871777064
303,24,108.81542216422598,112.22833689475867,105.75612617948316,2.5264145263347935,-0.2718002752758199,8233.837300998635,3.9024,84.69485198367914
304,24,108.86479364615131,112.34652189771138,105.75612617948316,2.5509861548937227,-0.27693875366506837,8237.869238669315,3.906,84.77298376595192
305,24,108.87466890997666,112.34652189771138,105.75612617948316,2.5578492615318913,-0.27693875366506837,8238.343251332934,3.9511,85.75180137164685
306,24,108.8670266006904,112.34652189771138,105.85812234529439,2.4805386322267307,-0.2717731789641805,8022.245113410949,3.8472,83.49683132216339
307,23,108.75460049796641,112.22833689475867,105.75612617948316,2.5234167435712687,-0.28415483324290264,7798.14850638398,3.9185,85.04427467662123
308,24,108.88455190470029,112.34652189771138,105.75612617948316,2.5568223583917438,-0.27693875366506837,8023.438795338656,3.8798,84.204358017189
309,23,108.9438653338698,112.34652189771138,105.63729907141632,2.5813470142676085,-0.2949272523825906,8235.474385598163,3.8662,83.90919350638077
310,24,108.80558824976772,112.22833689475867,105.75612617948316,2.490349936729979,-0.2718002752758199,8018.105119466376,3.9334,85.36765344213907
311,24,108.91500844621457,112.34652189771138,105.85812234529439,2.5007651005152733,-0.2717731789641805,8026.2098474345785,3.901,84.66446740168418
312,23,108.79667766226838,112.22833689475867,105.85812234529439,2.481943424484089,-0.27875445969197443,7803.054799483577,3.8793,84.19350638076223
313,24,108.69862349917086,112.22833689475867,105.41634978164457,2.678512775170936,-0.28656686188444985,9083.155459562116,3.736,81.08342738084903
314,23,108.71842193990186,112.22833689475867,105.63729907141632,2.5876844637345697,-0.2895552067938309,8227.121152122556,3.8638,83.85710565153227
315,24,108.84991719786825,112.34652189771138,105.75612617948316,2.5867015070997335,-0.2821043283659562,8237.273977369849,3.8736,84.06979772549701
316,23,108.74946653977305,112.1101296522922,105.75612617948316,2.5269502526167384,-0.2787817767671541,8015.070996729032,3.9485,85.69537286222764
317,22,108.8808243104229,112.22833689475867,105.75612617948316,2.542125818739779,-0.29768601577827897,7803.233598315613,3.8789,84.1848250716208
318,24,108.8542557293083,112.34652189771138,105.85812234529439,2.5168669162952644,-0.27693875366506837,8021.750919802728,3.8851,84.31938536331279
319,24,108.84499736460509,112.34652189771138,105.75612617948316,2.5668663520099386,-0.27693875366506837,8235.13872561388,3.9064,84.78166507509333
320,25,109.00527453685642,112.34652189771138,106.09573878153523,2.3410286067778387,-0.13028961653363424,34111.28299656294,4.0331,87.53146974563765
321,23,108.79813159118484,112.22833689475867,105.85812234529439,2.497431011771211,-0.27875445969197443,7803.121680213733,3.8564,83.69650143241601
322,23,108.98516080963758,112.34652189771138,105.75612617948316,2.55710675205072,-0.2895268788316624,8025.676540897381,3.8549,83.6639465231357
323,24,108.84499736460509,112.34652189771138,105.75612617948316,2.5668663520099386,-0.27693875366506837,8235.13872561388,3.8822,84.25644587203752
324,23,108.93421674086733,112.34652189771138,105.63729907141632,2.630494355068088,-0.2949272523825906,8236.929527964014,3.8559,83.68564979598925
325,23,108.601687830079,112.22833689475867,105.29750384051532,2.7410401597263685,-0.29959262833374306,9073.842630203388,3.7679,81.77576178487716
326,23,108.71851438014512,112.1101296522922,105.75612617948316,2.5323753257109693,-0.2787817767671541,8013.647197386148,3.8113,82.71768382672107
327,24,108.81531712722324,112.34652189771138,105.75612617948316,2.5835014801153484,-0.2821043283659562,8233.832882437675,3.8117,82.7263651358625
328,24,108.68875692386307,112.22833689475867,105.41634978164457,2.675116872416923,-0.28656686188444985,8652.841109466488,3.7619,81.64554214775588
329,24,108.80542790443097,112.34652189771138,105.63729907141632,2.586332275816354,-0.2821043283659562,8231.575793122642,3.8807,84.22389096275718
330,24,108.84003115250175,112.34652189771138,105.75612617948316,2.582651095750031,-0.2821043283659562,8235.019155651042,3.8407,83.35576004861534
331,24,108.84499736460509,112.34652189771138,105.75612617948316,2.5668663520099386,-0.27693875366506837,8235.13872561388,3.7847,82.14037676881675
332,24,108.81530857902744,112.34652189771138,105.63729907141632,2.591928173580981,-0.2821043283659562,8232.050065503276,3.847,83.49249066759268
333,24,108.82519599491836,112.34652189771138,105.75612617948316,2.5895343226691434,-0.2821043283659562,8234.30706808704,3.8278,83.07578782880458
334,24,108.84991719786825,112.34652189771138,105.75612617948316,2.5867015070997335,-0.2821043283659562,8237.273977369849,3.8601,83.77680354197413
335,23,108.83180858911155,112.34652189771138,105.75612617948316,2.61139286896878,-0.2895268788316624,8018.6223387531845,3.8696,83.98298463408283
336,24,108.81036599772045,112.34652189771138,105.63729907141632,2.5897255086066044,-0.2821043283659562,8231.812821600539,3.8061,82.60482680788263
337,20,108.9337393290047,111.99190021238685,105.41634978164457,2.6617889604668834,-0.3460816016180149,9515.50380871942,3.6503,79.22345689730011
338,22,108.59645718003736,112.22833689475867,105.63729907141632,2.6011824202759612,-0.3033435499744895,8002.41888116475,3.7802,82.04271204097579
339,24,108.77585366709572,112.22833689475867,105.63729907141632,2.545716760847313,-0.2769658499767078,8230.274414733503,3.8538,83.6400729229968
340,24,108.81032831089055,112.34652189771138,105.63729907141632,2.617280006698839,-0.2821043283659562,8446.9523391629,3.8409,83.36010070318605
341,22,108.83763481073669,112.22833689475867,105.63729907141632,2.5833859812673197,-0.3033435499744895,8014.929674559486,3.7472,81.32650403680876
342,23,108.71840821634473,112.22833689475867,105.63729907141632,2.597491397220998,-0.2895552067938309,8227.12052083893,3.7645,81.70197065717511
343,23,108.66685316561829,112.22833689475867,105.63729907141632,2.5666937855021175,-0.2895552067938309,8007.70868433135,3.773,81.88644847643025
344,24,108.84994770702679,112.34652189771138,105.75612617948316,2.560963326245435,-0.27693875366506837,8235.376342050122,3.8292,83.10617241079956
345,23,108.70809795761039,112.22833689475867,105.63729907141632,2.5912502822700425,-0.2895552067938309,8011.386236304205,3.6984,80.2673843215557
346,24,108.80047756200928,112.34652189771138,105.63729907141632,2.59208881231029,-0.2821043283659562,8231.338176686402,3.7988,82.44639291605175
347,23,108.70364245103812,112.22833689475867,105.63729907141632,2.6142362898095084,-0.2895552067938309,8226.441295634824,3.8019,82.51367306189775
348,23,108.69261307510573,112.22833689475867,105.63729907141632,2.599316138414541,-0.2895552067938309,8225.933944341934,3.7987,82.4442225887664
350,24,108.67934102396202,112.34652189771138,105.17865789938607,2.8038959730526636,-0.29687173627660435,9507.079767810626,3.6323,78.83279798593628
351,23,108.60693968495632,112.22833689475867,105.41634978164457,2.68856485768695,-0.29959262833374306,8646.620379869477,3.7312,80.97925167115201
352,23,108.86418200854314,112.34652189771138,105.51847196334948,2.6425833987534535,-0.2995634417376465,8445.03221449201,3.7106,80.53216425036895
353,24,108.7474404390744,112.34652189771138,105.51847196334948,2.637572975641195,-0.2865389442707923,8442.134483752465,3.77,81.82133865786962
354,23,108.66239110084481,112.22833689475867,105.63729907141632,2.5915459373627665,-0.2895552067938309,8222.64475588197,3.7052,80.41496657695981
355,23,108.7029442245075,112.22833689475867,105.63729907141632,2.587737773758648,-0.2895552067938309,8226.409177214417,3.749,81.36556992794515
356,22,108.7905664514242,112.22833689475867,105.51847196334948,2.6309034054670204,-0.3082005102512147,8226.200614711355,3.7622,81.65205312961194
357,24,108.79551497045541,112.34652189771138,105.63729907141632,2.6069344334311904,-0.2821043283659562,8446.241298822013,3.7324,81.00529559857628
358,22,108.7580658035559,112.22833689475867,105.29750384051532,2.700480942387413,-0.3082005102512147,8221.014128116969,3.7543,81.48059727406894
359,24,108.7474404390744,112.34652189771138,105.51847196334948,2.637572975641195,-0.2865389442707923,8442.134483752465,3.7256,80.85771334317215
360,23,108.63800718301239,112.22833689475867,105.51847196334948,2.6360438241130666,-0.29419139614888673,8434.74635752055,3.6891,80.06554388401771
361,21,109.10679464632416,111.99190021238685,105.51847196334948,2.686554086331885,-0.3236714124518684,9743.50464109184,3.6406,79.01293515062072
362,23,108.72416174069689,112.34652189771138,105.51847196334948,2.6649933709243507,-0.2949272523825906,8440.506949751985,3.7681,81.78010243944787
363,23,108.68438103110607,112.34652189771138,105.51847196334948,2.670082860670355,-0.2995634417376465,8438.779033276618,3.7206,80.74919697890442
364,22,108.81211147877292,112.22833689475867,105.51847196334948,2.6462936714210117,-0.3082005102512147,8227.148595914698,3.7475,81.33301501866482
365,24,108.77644277850605,112.34652189771138,105.63729907141632,2.603870146689409,-0.2821043283659562,8230.184507078247,3.7573,81.54570709262957
366,24,108.7474404390744,112.34652189771138,105.51847196334948,2.637572975641195,-0.2865389442707923,8442.134483752465,3.6859,79.99609341088637
367,24,108.7474404390744,112.34652189771138,105.51847196334948,2.637572975641195,-0.2865389442707923,8442.134483752465,3.7744,81.91683305842523
368,25,108.97008208875022,112.22833689475867,105.63729907141632,2.6332348967616146,-0.2477910296332387,10243.235184821604,3.8625,83.82889139682264
369,24,108.79551497045541,112.34652189771138,105.63729907141632,2.6069344334311904,-0.2821043283659562,8231.099972291817,3.7424,81.22232832711174
370,23,108.67924255271683,112.22833689475867,105.51847196334948,2.662818694269939,-0.29419139614888673,8438.660848273665,3.7217,80.77307057904332
371,23,108.66375942140465,112.34652189771138,105.51847196334948,2.657837164395201,-0.2995634417376465,8437.830439230353,3.7162,80.65370257834883
372,22,108.78517845772572,112.22833689475867,105.51847196334948,2.6274559777443676,-0.3082005102512147,8225.963542988622,3.7579,81.55872905634169
373,18,108.90547111542173,111.75537490787833,105.41634978164457,2.6090890017737842,-0.37288383095492733,9291.355043716725,3.4964,75.88332320513935
374,24,108.58392462619652,112.34652189771138,105.07641040981635,2.828990911981036,-0.3013118311333397,9285.874267750025,3.6095,78.33796336487543
375,24,108.71340542967395,112.34652189771138,105.41634978164457,2.7028513560231975,-0.2917053402736983,8868.826429982882,3.7019,80.3433457765431
376,24,108.59084659944779,112.22169242893615,105.17865789938607,2.7833431466028062,-0.29588446292572096,9288.376301726257,3.648,79.17353936973697
377,23,108.58110688611299,112.22833689475867,105.29750384051532,2.718424389574401,-0.29959262833374306,8858.094375481654,3.6762,79.78557166420697
378,24,108.74167812829192,112.34652189771138,105.41634978164457,2.6898052826576992,-0.2865389442707923,8870.064692408481,3.7175,80.68191683305844
